ID;DATE;COUNTRY
T328;1678/6/18;PERU
T329;1680/8/29;JAPAN
T330;1680/9/28;JAPAN
T331;1680/10/9;SPAIN
T332;1681/2/10;GREECE
T333;1681/3/10;CHILE
T334;1681/6/12;SOUTH KOREA
T335;1681/6/26;SOUTH KOREA
T336;1681/12/11;INDONESIA
T338;1682/10/19;PERU
T341;1687/7/12;CHILE
T342;1687/7/26;JAPAN
T343;1687/10/20;PERU
T344;1688/3/1;JAMAICA
T345;1688/7/10;TURKEY
T347;1690/2/3;ITALY
T348;1690/4/16;ANTIGUA AND BARBUDA
T351;1691/7/26;PORTUGAL
T352;1692/6/7;JAMAICA
T353;1693/1/9;ITALY
T354;1693/1/11;ITALY
T355;1693/2/13;ICELAND
T356;1694/9/8;ITALY
T357;1696/7/25;JAPAN
T358;1696/11/25;JAPAN
T359;1698/5/14;ITALY
T360;1698/12/22;JAPAN
T363;1699/9/8;JAPAN
T364;1700/1/27;United States
T365;1700/4/1;JAPAN
T366;1700/4/16;JAPAN
T367;1700/9/12;SOUTH KOREA
T368;1703/2/2;ITALY
T369;1703/7/2;ITALY
T370;1703/12/30;JAPAN
T373;1705/11/26;CHILE
T374;1706/5/5;SPAIN
T376;1707/7/20;ITALY
T377;1707/10/28;JAPAN
T378;1707/10/28;JAPAN
T379;1708/2/13;JAPAN
T380;1708/11/28;INDONESIA
T381;1710/3/6;INDONESIA
T382;1710/4/16;CHINA
T383;1711/9/5;INDONESIA
T384;1711/12/20;JAPAN
T385;1714/6/30;ITALY
T386;1714/8/4;Burma
T387;1715/8/23;PERU
T388;1715/12/29;JAPAN
T389;1716/9/24;PHILIPPINES
T391;1718/10/5;JAPAN
T393;1721/3/24;SPAIN
T395;1722/9/24;JAPAN
T397;1722/12/27;PORTUGAL
T398;1723/2/18;GREECE
T399;1723/3/28;ITALY
T401;1725/3/27;PERU
T402;1726/4/1;JAPAN
T403;1726/9/1;ITALY
T405;1727/7/4;ITALY
T406;1730/3/23;ITALY
T407;1730/7/8;CHILE
T408;1730/11/10;JAPAN
T409;1731/1/8;NORWAY
T410;1731/3/20;ITALY
T411;1731/10/7;JAPAN
T412;1732/2/25;MEXICO
T414;1732/12/4;JAPAN
T416;1735/12/27;PHILIPPINES
T417;1737/10/11;INDIA
T418;1737/10/16;RUSSIA
T419;1737/12/17;RUSSIA
T420;1737/12/24;CHILE
T421;1738/7/19;GREECE
T422;1741/1/31;GREECE
T423;1741/8/29;JAPAN
T424;1742/1/16;ITALY
T425;1742/2/21;GREECE
T426;1742/3/23;CHILE
T427;1742/11/18;RUSSIA
T428;1742/11/19;ITALY
T429;1743/2/20;ITALY
T431;1746/10/29;PERU
T432;1746/12/26;PORTUGAL
T435;1748/5/14;GREECE
T436;1749/8/12;PHILIPPINES
T438;1750/12/17;CROATIA
T441;1751/5/20;JAPAN
T442;1751/5/25;CHILE
T443;1751/7/24;JAPAN
T444;1751/9/15;HAITI
T445;1751/10/18;DOMINICAN REPUBLIC
T446;1751/11/21;ITALY
T447;1751/11/21;HAITI
T448;1752/4/28;PORTUGAL
T449;1752/7/21;SYRIA
T451;1754/8/18;INDONESIA
T452;1754/9/1;MEXICO
T453;1754/9/2;TURKEY
T454;1754/9/7;INDONESIA
T455;1754/9/16;TURKEY
T456;1754/11/15;PHILIPPINES
T457;1755/10/4;United States
T458;1755/11/1;PORTUGAL
T459;1755/11/2;PORTUGAL
T460;1755/11/5;United Kingdom
T461;1755/11/16;SPAIN
T462;1755/11/18;United States
T463;1755/12/21;PORTUGAL
T464;1756/1/31;SPAIN
T465;1756/2/27;United Kingdom
T467;1756/3/29;PORTUGAL
T468;1756/10/22;ITALY
T469;1757/7/9;PORTUGAL
T470;1757/7/15;United Kingdom
T471;1757/8/24;INDONESIA
T473;1759/10/30;ISRAEL
T474;1760/1/21;GERMANY
T475;1760/6/16;ITALY
T476;1761/3/31;PORTUGAL
T477;1761/7/28;United Kingdom
T478;1761/8/14;United Kingdom
T479;1762/4/2;BANGLADESH
T480;1762/5/26;NORWAY
T481;1762/9/27;United Kingdom
T482;1762/10/31;JAPAN
T483;1763/1/29;JAPAN
T484;1763/3/11;JAPAN
T485;1763/3/15;JAPAN
T486;1763/9/12;INDONESIA
T487;1763/9/18;United Kingdom
T488;1764/2/11;United Kingdom
T489;1764/12/26;PORTUGAL
T491;1765/7/23;SWEDEN
T493;1766/3/8;JAPAN
T494;1766/5/22;TURKEY
T495;1766/6/12;CUBA
T496;1766/10/21;VENEZUELA
T497;1767/4/24;Martinique
T498;1767/9/5;IRELAND
T499;1767/11/22;CHINA
T500;1767/11/28;United Kingdom
T502;1768/6/22;PAPUA NEW GUINEA
T503;1768/7/22;JAPAN
T504;1769/6/3;HAITI
T505;1769/8/29;JAPAN
T507;1770/6/3;HAITI
T510;1771/4/24;JAPAN
T511;1771/11/9;INDONESIA
T512;1772/11/24;GREECE
T513;1773/5/6;MOROCCO
T514;1773/6/3;GUATEMALA
T516;1774/7/24;ITALY
T517;1774/9/24;***
T519;1775/2/11;CUBA
T521;1775/4/18;INDONESIA
T522;1775/10/22;FRANCE
T524;1775/12/18;HAITI
T525;1777/11/14;SWEDEN
T526;1778/3/4;BALTIC SEA
T527;1778/6/16;GREECE
T529;1780/6/18;RUSSIA
T530;1780/6/29;RUSSIA
T531;1780/9/9;JAPAN
T532;1780/10/3;JAMAICA
T533;1780/10/31;JAPAN
T534;1781/4/11;JAPAN
T535;1781/8/1;JAMAICA
T536;1781/10/2;JAMAICA
T537;1782/5/22;TAIWAN
T538;1782/8/22;JAPAN
T539;1783/2/5;ITALY
T540;1783/2/5;ITALY
T541;1783/2/6;ITALY
T542;1783/2/7;ITALY
T543;1783/3/1;ITALY
T544;1783/3/24;ITALY
T545;1783/3/28;ITALY
T546;1784/1/7;ITALY
T547;1784/1/9;ITALY
T548;1784/1/19;ITALY
T549;1784/3/28;MEXICO
T550;1784/5/13;PERU
T551;1787/3/28;MEXICO
T552;1787/4/3;MEXICO
T553;1787/10/27;JAMAICA
T555;1788/7/8;IRISH SEA
T556;1788/7/21;United States
T557;1788/8/6;United States
T559;1790/9/11;United States
T560;1790/10/9;ALGERIA
T561;1791/4/15;RUSSIA
T562;1791/5/13;JAPAN
T563;1791/9/13;JAPAN
T564;1791/11/2;GREECE
T565;1792/1/23;PORTUGAL
T566;1792/5/21;JAPAN
T567;1792/5/21;Netherlands
T568;1792/6/13;JAPAN
T569;1792/8/9;TAIWAN
T570;1792/8/22;RUSSIA
T571;1792/8/29;JAPAN
T573;1793/2/8;JAPAN
T574;1793/2/17;JAPAN
T575;1793/7/17;United Kingdom
T576;1794/6/11;GREECE
T578;1796/5/29;United States
T579;1796/11/5;PHILIPPINES
T580;1797/2/10;INDONESIA
T581;1797/11/21;JAPAN
T582;1798/2/22;COSTA RICA
T583;1798/12/17;FRANCE
T584;1799/1/7;ICELAND
T585;1799/6/29;JAPAN
T588;1800/6/2;PORTUGAL
T589;1802/1/4;CROATIA
T590;1802/3/19;ANTIGUA AND BARBUDA
T591;1802/8/10;United Kingdom
T592;1802/8/15;VENEZUELA
T594;1802/11/7;ALGERIA
T595;1802/12/9;JAPAN
T596;1804/1/8;GREECE
T597;1804/1/13;SPAIN
T598;1804/6/8;GREECE
T599;1804/7/10;JAPAN
T600;1804/7/31;ITALY
T601;1805/1/8;GREECE
T602;1805/7/26;ITALY
T603;1806/3/25;United States
T604;1806/8/26;ITALY
T605;1806/12/1;PERU
T606;1808/4/2;ITALY
T607;1808/8/8;JAPAN
T608;1808/12/4;JAPAN
T609;1809/7/3;ITALY
T610;1809/7/4;PORTUGAL
T611;1809/12/4;SOUTH AFRICA
T613;1810/2/16;GREECE
T614;1810/9/25;JAPAN
T617;1811/11/19;CHILE
T618;1811/12/16;United States
T619;1811/12/16;United States
T620;1812/1/23;United States
T621;1812/2/7;United States
T622;1812/3/26;VENEZUELA
T623;1812/6/23;FRANCE
T624;1812/11/11;JAMAICA
T625;1812/12/21;United States
T627;1813/5/17;ITALY
T630;1815/4/10;INDONESIA
T631;1815/4/11;INDONESIA
T632;1815/11/22;INDONESIA
T633;1816/5/1;INDONESIA
T634;1816/12/20;JAPAN
T635;1817/1/1;GREECE
T636;1817/1/8;United States
T637;1817/1/14;ITALY
T638;1817/8/23;GREECE
T640;1818/2/20;ITALY
T641;1818/2/23;ITALY
T642;1818/3/18;INDONESIA
T643;1818/11/8;INDONESIA
T644;1818/12/9;ITALY
T645;1819/1/8;ITALY
T646;1819/4/12;CHILE
T647;1819/6/16;INDIA
T648;1819/8/31;NORWAY
T650;1820/3/1;United States
T651;1820/3/17;GREECE
T652;1820/5/4;MEXICO
T653;1820/7/23;ITALY
T654;1820/12/29;GREECE
T655;1820/12/29;INDONESIA
T657;1821/1/6;GREECE
T658;1821/4/10;COSTA RICA
T660;1821/9/3;United States
T662;1822/3/20;LEBANON
T663;1822/4/10;ITALY
T664;1822/5/7;COSTA RICA
T665;1822/8/13;TURKEY
T666;1822/11/20;CHILE
T667;1823/3/5;ITALY
T668;1823/5/30;United States
T669;1823/8/20;CROATIA
T670;1823/9/9;INDONESIA
T672;1823/11/30;Martinique
T673;1824/9/13;Guadeloupe
T674;1824/10/26;PHILIPPINES
T675;1824/11/30;Martinique
T676;1825/1/3;DENMARK
T677;1825/1/19;GREECE
T678;1825/2/26;COLOMBIA
T679;1825/3/21;United States
T681;1825/9/21;TRINIDAD AND TOBAGO
T683;1826/3/18;ITALY
T684;1826/10/22;United States
T686;1827/1/18;United States
T687;1827/8/8;United States
T688;1827/8/9;RUSSIA
T689;1827/11/16;ECUADOR
T691;1828/3/30;PERU
T692;1828/5/26;JAPAN
T693;1828/10/9;ITALY
T694;1828/11/9;PHILIPPINES
T695;1828/12/18;JAPAN
T696;1828/12/29;INDONESIA
T697;1829/5/23;TURKEY
T698;1829/9/26;CHILE
T699;1830/1/10;Netherlands
T700;1830/1/18;PHILIPPINES
T701;1830/9/16;PHILIPPINES
T702;1831/5/26;ITALY
T703;1831/7/2;ITALY
T704;1831/12/3;TRINIDAD AND TOBAGO
T706;1832/3/8;ITALY
T707;1833/1/19;ALBANIA
T708;1833/3/10;MEXICO
T709;1833/9/6;CHINA
T710;1833/11/24;INDONESIA
T711;1833/12/7;JAPAN
T712;1834/2/9;JAPAN
T713;1834/3/14;MEXICO
T714;1835/2/20;CHILE
T715;1835/7/12;GREECE
T716;1835/7/20;JAPAN
T717;1835/8/19;JAPAN
T718;1836/1/21;AUSTRALIA
T719;1836/3/5;INDONESIA
T720;1836/4/24;ITALY
T721;1836/7/3;CHILE
T722;1836/9/5;JAPAN
T723;1836/11/28;INDONESIA
T724;1837/1/1;ISRAEL
T725;1837/8/2;United States
T726;1837/8/9;MEXICO
T727;1837/9/29;INDONESIA
T728;1837/10/18;MEXICO
T730;1837/11/7;CHILE
T731;1838/5/7;CHILE
T732;1838/8/10;CROATIA
T733;1839/2/12;CHILE
T735;1839/5/1;JAPAN
T737;1840/1/4;INDONESIA
T738;1840/1/16;United States
T739;1840/1/28;PERU
T740;1840/2/14;INDONESIA
T741;1840/3/22;PHILIPPINES
T742;1840/7/28;NEW ZEALAND
T744;1840/11/11;United States
T746;1841/5/17;RUSSIA
T747;1841/11/26;INDONESIA
T748;1841/12/16;INDONESIA
T750;1842/5/7;HAITI
T751;1842/11/1;CANADA
T752;1842/11/11;BANGLADESH
T753;1843/1/5;INDONESIA
T754;1843/2/7;INDONESIA
T755;1843/2/8;Guadeloupe
T756;1843/2/17;Guadeloupe
T757;1843/4/25;JAPAN
T758;1843/7/5;United Kingdom
T759;1843/7/8;NEW ZEALAND
T760;1843/9/14;CROATIA
T761;1843/10/18;GREECE
T762;1844/3/3;CROATIA
T763;1844/3/8;JAPAN
T764;1844/3/22;CROATIA
T765;1845/2/8;INDONESIA
T766;1845/4/7;MEXICO
T767;1845/6/18;ITALY
T768;1845/6/19;INDIA
T769;1845/7/5;NEW ZEALAND
T770;1845/8/16;CROATIA
T773;1846/1/25;INDONESIA
T775;1846/5/7;NEW ZEALAND
T776;1846/7/25;TURKEY
T777;1846/8/14;ITALY
T778;1846/8/26;ITALY
T779;1846/9/12;ITALY
T780;1846/9/19;ITALY
T781;1846/10/4;ITALY
T782;1846/10/14;ITALY
T783;1846/10/19;ITALY
T784;1846/10/24;ITALY
T785;1846/10/28;ITALY
T786;1846/11/29;ITALY
T787;1846/12/3;ITALY
T789;1847/4/15;ITALY
T790;1847/4/16;ITALY
T791;1847/4/17;ITALY
T792;1847/5/23;PERU
T793;1847/8/26;ITALY
T794;1847/8/27;JAPAN
T795;1847/10/19;CHILE
T796;1847/10/31;INDIA
T798;1848/7/12;FRENCH POLYNESIA
T799;1848/9/24;CANADA
T800;1848/10/15;NEW ZEALAND
T801;1848/10/17;NEW ZEALAND
T802;1848/10/18;NEW ZEALAND
T803;1849/1/25;United States
T804;1849/9/28;RUSSIA
T805;1849/12/17;CHILE
T806;1850/1/21;ITALY
T807;1850/5/16;ITALY
T808;1850/7/20;JAPAN
T809;1850/10/20;ITALY
T811;1851/2/28;GREECE
T812;1851/2/28;TURKEY
T813;1851/4/2;CHILE
T814;1851/4/3;TURKEY
T815;1851/5/4;INDONESIA
T816;1851/5/15;United States
T817;1851/5/23;GREECE
T818;1851/5/26;CHILE
T819;1851/7/28;ITALY
T820;1851/10/12;ALBANIA
T821;1851/11/13;United States
T822;1851/12/16;ITALY
T823;1852/1/9;INDONESIA
T824;1852/2/2;ITALY
T825;1852/5/12;TURKEY
T826;1852/6/26;ITALY
T827;1852/7/17;CUBA
T828;1852/9/8;TURKEY
T829;1852/9/16;PHILIPPINES
T830;1852/11/10;ITALY
T831;1852/11/10;INDONESIA
T832;1852/11/11;INDONESIA
T833;1852/11/16;INDONESIA
T834;1852/11/19;INDONESIA
T835;1852/11/23;INDONESIA
T836;1852/11/25;United States
T837;1852/11/25;INDONESIA
T838;1852/11/27;PERU
T839;1852/11/29;MEXICO
T840;1852/12/4;MEXICO
T841;1852/12/24;INDONESIA
T842;1853/4/8;ITALY
T843;1853/7/15;VENEZUELA
T844;1853/8/18;GREECE
T845;1853/10/3;JAPAN
T846;1853/10/29;TAIWAN
T848;1853/12/11;Montenegro
T849;1853/12/24;TONGA
T851;1854/1/4;INDONESIA
T852;1854/1/15;NORTHWEST PACIFIC OCEAN
T853;1854/1/27;United States
T854;1854/2/29;FRANCE
T855;1854/5/31;United States
T856;1854/6/27;RUSSIA
T857;1854/7/9;RUSSIA
T858;1854/7/24;United States
T859;1854/8/4;COSTA RICA
T860;1854/8/7;COSTA RICA
T861;1854/8/18;United States
T862;1854/9/27;INDONESIA
T863;1854/10/4;United States
T864;1854/10/22;United States
T865;1854/11/1;United States
T866;1854/11/10;United States
T867;1854/12/1;United States
T868;1854/12/4;MEXICO
T869;1854/12/23;JAPAN
T870;1854/12/24;JAPAN
T871;1854/12/29;FRANCE
T872;1855/1/23;NEW ZEALAND
T873;1855/2/3;NEW ZEALAND
T874;1855/2/11;NEW ZEALAND
T875;1855/2/13;TURKEY
T876;1855/2/17;PORTUGAL
T877;1855/3/20;United States
T878;1855/4/14;INDONESIA
T879;1855/5/18;FRANCE
T880;1855/7/11;United States
T881;1855/8/11;CHILE
T882;1855/9/25;HONDURAS
T883;1855/10/22;United States
T884;1855/11/7;JAPAN
T885;1855/11/11;JAPAN
T886;1855/12/3;JAPAN
T888;1856/1/6;PORTUGAL
T889;1856/2/15;United States
T890;1856/3/2;INDONESIA
T892;1856/7/25;INDONESIA
T893;1856/7/26;United States
T894;1856/8/4;HONDURAS
T895;1856/8/21;ALGERIA
T896;1856/8/22;ALGERIA
T897;1856/8/23;JAPAN
T899;1856/10/12;GREECE
T900;1856/11/13;GREECE
T901;1857/1/6;SUDAN
T902;1857/4/17;PAPUA NEW GUINEA
T903;1857/5/13;INDONESIA
T904;1857/5/23;ALGERIA
T905;1857/7/13;JAPAN
T906;1857/9/17;TURKEY
T907;1857/11/17;INDONESIA
T908;1857/11/18;INDONESIA
T909;1858/1/31;AUSTRALIA
T910;1858/2/21;GREECE
T911;1858/4/24;CHILE
T912;1858/6/5;United Kingdom
T913;1858/8/6;NEW ZEALAND
T914;1858/9/15;NEW ZEALAND
T916;1858/12/13;INDONESIA
T917;1859/6/28;INDONESIA
T918;1859/7/20;INDONESIA
T919;1859/7/29;INDONESIA
T920;1859/8/21;TURKEY
T921;1859/8/25;EL SALVADOR
T922;1859/9/24;United States
T923;1859/9/25;INDONESIA
T924;1859/10/5;CHILE
T925;1859/10/11;CHILE
T926;1859/10/20;GREECE
T927;1859/10/20;INDONESIA
T928;1859/10/26;INDONESIA
T929;1859/11/22;AUSTRALIA
T930;1859/12/9;EL SALVADOR
T931;1859/12/17;INDONESIA
T932;1859/12/25;INDONESIA
T933;1860/1/6;SPAIN
T934;1860/3/17;MEXICO
T935;1860/4/8;HAITI
T936;1860/4/23;PERU
T938;1860/10/6;INDONESIA
T939;1860/12/1;United States
T940;1861/2/16;INDONESIA
T941;1861/2/21;INDONESIA
T942;1861/3/9;INDONESIA
T943;1861/3/20;CHILE
T945;1861/4/26;INDONESIA
T946;1861/5/4;United States
T947;1861/5/5;United States
T948;1861/6/5;INDONESIA
T949;1861/6/17;INDONESIA
T950;1861/9/25;INDONESIA
T951;1861/10/20;JAPAN
T952;1861/12/26;GREECE
T953;1862/1/1;GREECE
T954;1862/1/28;United States
T955;1862/3/4;PHILIPPINES
T956;1862/3/18;FRANCE
T957;1862/4/8;INDONESIA
T958;1862/5/27;United States
T959;1862/7/10;GHANA
T960;1862/11/24;ITALY
T961;1863/3/16;INDONESIA
T962;1863/3/22;GREECE
T963;1863/6/3;PHILIPPINES
T964;1863/8/17;VANUATU
T965;1863/9/20;JAPAN
T967;1864/2/16;INDONESIA
T968;1864/5/19;HAITI
T969;1864/5/23;INDONESIA
T970;1864/6/27;CANADA
T971;1865/1/8;PERU
T972;1865/3/1;JAPAN
T973;1865/3/1;PERU
T974;1865/7/16;United States
T975;1865/10/4;United States
T976;1865/10/8;United States
T977;1865/10/13;PHILIPPINES
T978;1865/10/19;PHILIPPINES
T979;1865/11/18;TONGA
T980;1865/11/28;PERU
T981;1866/1/2;ALBANIA
T982;1866/1/6;ALBANIA
T983;1866/1/19;GREECE
T984;1866/1/31;GREECE
T985;1866/2/2;GREECE
T986;1866/2/6;GREECE
T987;1866/3/2;ALBANIA
T988;1866/3/6;GREECE
T989;1866/3/13;ALBANIA
T990;1866/8/9;AUSTRALIA
T991;1866/8/15;AUSTRALIA
T992;1866/9/5;United States
T993;1866/9/12;United States
T995;1866/12/20;United States
T996;1867/2/4;GREECE
T997;1867/3/15;ITALY
T998;1867/4/10;GREECE
T999;1867/5/7;NORWAY
T1000;1867/8/5;AUSTRALIA
T1001;1867/9/20;GREECE
T1003;1867/10/4;GREECE
T1004;1867/11/18;United States
T1005;1867/11/19;GREECE
T1006;1867/12/18;EAST CHINA SEA
T1007;1868/3/17;United States
T1008;1868/4/3;United States
T1009;1868/4/4;United States
T1010;1868/4/10;United States
T1011;1868/4/20;United States
T1012;1868/4/23;United Kingdom
T1013;1868/5/15;United States
T1014;1868/5/22;ITALY
T1015;1868/5/25;MEXICO
T1016;1868/6/13;United States
T1017;1868/8/11;PERU
T1018;1868/8/12;MEXICO
T1019;1868/8/13;CHILE
T1020;1868/8/13;VENEZUELA
T1021;1868/8/14;CHILE
T1022;1868/8/19;INDIA
T1023;1868/9/5;ITALY
T1024;1868/9/14;CHILE
T1025;1868/10/2;United States
T1026;1868/10/2;PERU
T1027;1868/10/16;CHILE
T1028;1868/10/18;NEW ZEALAND
T1029;1868/10/21;United States
T1030;1869/1/4;NEW ZEALAND
T1031;1869/1/27;CHILE
T1032;1869/2/6;CHILE
T1033;1869/2/10;United States
T1034;1869/2/13;United States
T1035;1869/3/2;NEW ZEALAND
T1036;1869/3/31;NEW ZEALAND
T1037;1869/4/22;PERU
T1038;1869/6/1;United States
T1039;1869/6/25;CHILE
T1040;1869/7/24;United States
T1041;1869/8/9;CHILE
T1042;1869/8/11;AUSTRALIA
T1043;1869/8/16;PHILIPPINES
T1044;1869/8/19;PERU
T1045;1869/8/21;CHILE
T1046;1869/8/24;CHILE
T1047;1869/9/9;GREECE
T1048;1869/10/11;UKRAINE
T1049;1869/12/28;GREECE
T1050;1870/4/6;NEW ZEALAND
T1051;1870/4/29;NEW ZEALAND
T1052;1870/5/11;MEXICO
T1053;1870/6/24;EGYPT
T1054;1870/7/29;CROATIA
T1055;1870/8/1;GREECE
T1056;1870/8/6;CROATIA
T1057;1870/8/12;AUSTRALIA
T1058;1870/10/28;ITALY
T1059;1870/11/2;ITALY
T1060;1871/1/17;ITALY
T1061;1871/2/5;PERU
T1062;1871/2/7;MEXICO
T1063;1871/2/18;United States
T1064;1871/2/20;United States
T1065;1871/3/3;INDONESIA
T1066;1871/3/25;CHILE
T1068;1871/4/30;PHILIPPINES
T1069;1871/6/18;United States
T1070;1871/8/20;CHILE
T1071;1871/8/21;PERU
T1072;1871/8/25;INDONESIA
T1074;1871/9/7;FRANCE
T1075;1871/10/5;CHILE
T1076;1871/10/5;GREECE
T1077;1871/12/28;CHILE
T1078;1872/1/10;PERU
T1079;1872/1/13;United States
T1080;1872/1/22;United States
T1081;1872/1/26;PHILIPPINES
T1082;1872/3/14;JAPAN
T1083;1872/3/26;United States
T1084;1872/8/23;United States
T1085;1872/8/27;United States
T1086;1872/9/16;United States
T1087;1872/11/17;United States
T1090;1873/7/7;CHILE
T1091;1873/10/13;PANAMA
T1092;1873/10/25;GREECE
T1093;1873/11/19;CHILE
T1094;1873/11/23;United States
T1096;1874/3/11;United States
T1100;1875/2/23;MEXICO
T1101;1875/3/18;ITALY
T1102;1875/3/28;NEW CALEDONIA
T1103;1875/5/10;VANUATU
T1104;1875/10/12;United States
T1106;1876/5/28;INDONESIA
T1107;1876/10/26;JAPAN
T1108;1876/12/23;ITALY
T1110;1877/2/2;United States
T1111;1877/2/24;United States
T1112;1877/4/16;United States
T1113;1877/5/4;United States
T1114;1877/5/10;CHILE
T1115;1877/5/14;PERU
T1116;1877/5/15;CHILE
T1117;1877/6/15;CHILE
T1118;1877/8/23;CHILE
T1119;1877/9/2;CHILE
T1120;1877/10/9;CHILE
T1121;1877/10/11;COLOMBIA
T1122;1877/12/1;NEW ZEALAND
T1123;1878/1/10;VANUATU
T1124;1878/1/14;United States
T1125;1878/1/20;United States
T1126;1878/1/23;CHILE
T1127;1878/1/27;PERU
T1128;1878/1/28;CHILE
T1129;1878/2/3;CHILE
T1130;1878/2/4;PAPUA NEW GUINEA
T1131;1878/2/4;PERU
T1132;1878/2/11;VANUATU
T1133;1878/2/14;CHILE
T1134;1878/3/12;CHILE
T1135;1878/4/12;CHILE
T1136;1878/4/19;TURKEY
T1137;1878/6/12;CHILE
T1138;1878/6/30;CHILE
T1139;1878/8/29;United States
T1142;1878/9/30;CHILE
T1143;1878/10/11;RUSSIA
T1144;1878/11/22;United States
T1145;1878/11/23;CHILE
T1146;1879/2/4;ITALY
T1147;1879/4/27;NEW ZEALAND
T1148;1879/7/11;EGYPT
T1149;1879/7/29;CROATIA
T1150;1879/8/8;CHILE
T1151;1879/8/10;United States
T1153;1880/4/14;NORWAY
T1154;1880/4/26;ITALY
T1155;1880/7/18;PHILIPPINES
T1156;1880/8/15;CHILE
T1157;1880/9/2;GREECE
T1158;1880/9/8;NEW ZEALAND
T1159;1880/9/29;United States
T1160;1880/10/26;United States
T1162;1881/4/3;GREECE
T1163;1881/4/11;GREECE
T1164;1881/6/29;NEW ZEALAND
T1165;1881/7/12;FIJI
T1166;1881/7/14;CHILE
T1167;1881/8/12;JAMAICA
T1168;1881/10/25;JAPAN
T1169;1881/10/27;CHILE
T1170;1881/11/24;TONGA
T1171;1881/12/15;GREECE
T1172;1881/12/31;INDIA
T1174;1882/2/23;CHILE
T1175;1882/4/13;NEW ZEALAND
T1176;1882/9/7;PANAMA
T1177;1882/9/14;CHILE
T1178;1882/10/10;INDONESIA
T1179;1882/12/9;TAIWAN
T1181;1883/3/12;MEXICO
T1182;1883/3/24;SAMOA
T1183;1883/5/20;INDONESIA
T1184;1883/5/31;INDONESIA
T1185;1883/6/27;GREECE
T1186;1883/8/27;INDONESIA
T1187;1883/10/6;United States
T1188;1883/10/10;INDONESIA
T1189;1884/1/14;URUGUAY
T1190;1884/1/25;United States
T1193;1884/7/20;ERITREA
T1194;1884/8/10;United States
T1195;1884/9/19;United States
T1196;1884/11/5;PANAMA
T1197;1884/11/12;United States
T1198;1884/11/15;JAPAN
T1199;1884/12/21;United States
T1200;1885/1/16;FRANCE
T1201;1885/1/29;ALGERIA
T1202;1885/4/30;INDONESIA
T1203;1885/7/29;INDONESIA
T1204;1885/8/3;INDONESIA
T1205;1885/11/12;CHILE
T1206;1885/11/19;United States
T1207;1885/11/24;United States
T1208;1885/12/14;INDONESIA
T1209;1886/1/31;INDONESIA
T1210;1886/8/27;GREECE
T1211;1886/8/29;CHILE
T1212;1886/9/1;United States
T1215;1887/2/2;PHILIPPINES
T1216;1887/2/5;United States
T1217;1887/2/23;ITALY
T1218;1887/5/3;MEXICO
T1219;1887/5/19;INDONESIA
T1220;1887/7/8;United States
T1221;1887/9/23;HAITI
T1222;1887/10/3;GREECE
T1223;1888/3/13;PAPUA NEW GUINEA
T1224;1888/3/21;INDONESIA
T1225;1888/4/23;NORWAY
T1226;1888/6/5;URUGUAY
T1227;1888/6/13;CHINA
T1228;1888/7/30;ITALY
T1229;1888/9/9;GREECE
T1230;1889/5/25;PHILIPPINES
T1231;1889/8/16;INDONESIA
T1232;1889/9/6;INDONESIA
T1233;1889/9/8;INDONESIA
T1234;1889/9/8;United States
T1235;1889/11/23;INDONESIA
T1236;1889/12/8;ITALY
T1237;1890/7/11;IRAN
T1238;1891/1/15;ALGERIA
T1239;1891/5/19;INDONESIA
T1240;1891/6/10;INDONESIA
T1241;1891/6/20;INDONESIA
T1242;1891/6/22;NEW ZEALAND
T1243;1891/7/30;MEXICO
T1244;1891/9/16;NEW ZEALAND
T1245;1891/10/5;INDONESIA
T1246;1891/11/29;United States
T1247;1892/1/7;INDONESIA
T1248;1892/5/16;United States
T1249;1892/5/17;INDONESIA
T1250;1892/6/7;INDONESIA
T1252;1892/11/15;ITALY
T1253;1892/11/18;INDONESIA
T1254;1892/12/9;JAPAN
T1255;1893/1/28;GREECE
T1256;1893/2/9;GREECE
T1257;1893/2/19;JAMAICA
T1258;1893/4/17;GREECE
T1259;1893/6/4;RUSSIA
T1260;1893/6/13;JAPAN
T1261;1893/6/14;ALBANIA
T1262;1893/6/21;PHILIPPINES
T1263;1893/7/31;VANUATU
T1264;1893/8/27;VANUATU
T1265;1894/3/22;JAPAN
T1266;1894/4/27;GREECE
T1267;1894/7/10;TURKEY
T1268;1894/10/22;JAPAN
T1269;1894/11/16;ITALY
T1270;1894/11/21;ATLANTIC OCEAN
T1271;1894/11/28;United States
T1273;1895/1/28;United States
T1274;1895/3/6;PAPUA NEW GUINEA
T1275;1895/3/9;United States
T1276;1895/5/25;JAPAN
T1277;1895/7/8;TURKMENISTAN
T1279;1895/8/18;NEW ZEALAND
T1280;1895/9/1;United States
T1281;1895/10/14;United States
T1282;1895/10/31;United States
T1283;1895/11/1;ITALY
T1284;1896/1/9;JAPAN
T1285;1896/6/15;JAPAN
T1286;1896/10/10;INDONESIA
T1287;1896/10/16;ITALY
T1288;1896/11/5;GREECE
T1289;1896/12/17;United States
T1291;1897/2/19;JAPAN
T1292;1897/3/15;INDONESIA
T1293;1897/4/17;United States
T1294;1897/6/12;INDIA
T1295;1897/6/20;MEXICO
T1296;1897/8/5;JAPAN
T1297;1897/9/20;PHILIPPINES
T1298;1897/9/21;PHILIPPINES
T1299;1897/9/21;NEW ZEALAND
T1300;1897/10/18;PHILIPPINES
T1302;1898/3/31;United States
T1303;1898/4/22;JAPAN
T1304;1898/6/2;GREECE
T1305;1898/7/23;CHILE
T1306;1898/12/3;GREECE
T1307;1899/1/15;PAPUA NEW GUINEA
T1308;1899/1/22;GREECE
T1309;1899/1/29;AUSTRALIA
T1310;1899/2/3;PORTUGAL
T1311;1899/8/8;CHILE
T1312;1899/9/4;United States
T1313;1899/9/10;United States
T1314;1899/9/29;INDONESIA
T1315;1899/10/7;JAPAN
T1316;1899/10/19;PAPUA NEW GUINEA
T1317;1899/11/24;JAPAN
T1318;1899/11/25;JAPAN
T1319;1899/12/25;United States
T1320;1900/1/10;INDONESIA
T1321;1900/8/11;United States
T1322;1900/9/10;PAPUA NEW GUINEA
T1323;1900/9/17;PAPUA NEW GUINEA
T1324;1900/10/7;INDONESIA
T1325;1900/10/29;VENEZUELA
T1326;1901/3/3;United States
T1327;1901/3/31;BULGARIA
T1328;1901/6/15;JAPAN
T1329;1901/6/24;JAPAN
T1330;1901/8/9;JAPAN
T1331;1901/8/9;NEW CALEDONIA
T1332;1901/8/9;JAPAN
T1333;1901/8/9;JAPAN
T1334;1901/9/10;PHILIPPINES
T1335;1901/10/8;NICARAGUA
T1336;1901/12/31;United States
T1337;1902/1/18;GUATEMALA
T1338;1902/2/26;EL SALVADOR
T1339;1902/4/19;GUATEMALA
T1340;1902/5/5;Martinique
T1341;1902/5/7;SAINT VINCENT AND THE GRENADINES
T1342;1902/5/8;Martinique
T1343;1902/5/20;Martinique
T1344;1902/7/5;GREECE
T1345;1902/8/16;MEXICO
T1346;1902/8/21;PHILIPPINES
T1347;1902/8/30;Martinique
T1348;1902/9/27;GUATEMALA
T1349;1903/2/10;United States
T1350;1903/3/30;INDONESIA
T1351;1903/5/13;ITALY
T1352;1903/7/16;MEXICO
T1354;1903/9/7;TAIWAN
T1355;1903/9/26;CHILE
T1356;1903/10/6;United States
T1357;1903/10/8;United States
T1358;1903/11/17;United States
T1359;1903/11/24;United States
T1360;1903/11/29;United States
T1361;1903/12/7;CHILE
T1362;1904/1/20;COLOMBIA
T1363;1904/2/2;INDONESIA
T1364;1904/3/30;United States
T1365;1904/6/25;RUSSIA
T1366;1904/6/25;RUSSIA
T1367;1904/7/5;INDONESIA
T1368;1904/8/8;NEW ZEALAND
T1369;1904/8/25;NEW ZEALAND
T1370;1904/9/7;INDONESIA
T1371;1904/12/20;PANAMA
T1372;1904/12/30;COOK ISLANDS
T1373;1905/1/16;NORWAY
T1374;1905/1/20;GREECE
T1375;1905/1/20;COSTA RICA
T1377;1905/3/19;VANUATU
T1378;1905/4/4;INDIA
T1379;1905/7/4;United States
T1380;1905/7/6;JAPAN
T1381;1905/8/4;SAMOA
T1382;1905/9/8;ITALY
T1383;1905/10/4;RUSSIA
T1384;1905/10/21;GEORGIA
T1385;1905/11/22;VANUATU
T1386;1905/11/24;VANUATU
T1387;1905/12/8;PHILIPPINES
T1390;1906/1/31;ECUADOR
T1391;1906/1/31;VENEZUELA
T1392;1906/2/7;ECUADOR
T1393;1906/2/21;COLOMBIA
T1394;1906/4/4;ITALY
T1395;1906/4/18;United States
T1396;1906/5/7;CHILE
T1397;1906/5/25;EL SALVADOR
T1398;1906/7/1;Marshall Islands
T1399;1906/8/7;United States
T1400;1906/8/17;CHILE
T1401;1906/9/14;PAPUA NEW GUINEA
T1402;1906/10/2;PAPUA NEW GUINEA
T1403;1906/11/6;United States
T1404;1906/11/20;GHANA
T1405;1906/11/28;SAMOA
T1406;1906/12/26;PERU
T1408;1907/1/4;INDONESIA
T1409;1907/1/14;JAMAICA
T1410;1907/3/29;INDONESIA
T1411;1907/4/14;MEXICO
T1412;1907/6/8;SAMOA
T1413;1907/6/19;SAMOA
T1414;1907/6/27;SAMOA
T1415;1907/7/9;SAMOA
T1416;1907/7/25;SAMOA
T1418;1907/9/24;United States
T1419;1907/10/6;SAMOA
T1420;1907/10/23;ITALY
T1421;1907/12/15;PAPUA NEW GUINEA
T1422;1908/2/6;INDONESIA
T1423;1908/2/14;United States
T1424;1908/3/23;INDONESIA
T1425;1908/5/31;UKRAINE
T1426;1908/9/11;CANADA
T1427;1908/9/21;United States
T1428;1908/12/12;PERU
T1429;1908/12/28;ITALY
T1430;1909/3/7;COOK ISLANDS
T1431;1909/3/12;JAPAN
T1432;1909/3/13;JAPAN
T1433;1909/6/3;INDONESIA
T1434;1909/6/8;CHILE
T1435;1909/7/8;VANUATU
T1436;1909/7/30;MEXICO
T1437;1909/8/14;JAPAN
T1438;1909/9/20;United States
T1439;1909/12/9;United States
T1440;1910/2/25;PAPUA NEW GUINEA
T1441;1910/3/20;NEW ZEALAND
T1442;1910/11/5;United States
T1443;1910/11/10;VANUATU
T1444;1910/11/21;United States
T1445;1910/12/18;INDONESIA
T1446;1910/12/30;PHILIPPINES
T1447;1911/1/30;PHILIPPINES
T1448;1911/2/18;ALBANIA
T1449;1911/5/8;PAPUA NEW GUINEA
T1450;1911/5/11;TOGO
T1451;1911/6/15;JAPAN
T1452;1911/7/12;PHILIPPINES
T1453;1911/9/15;CHILE
T1454;1911/9/22;United States
T1455;1911/11/3;TRINIDAD AND TOBAGO
T1456;1912/1/24;GREECE
T1457;1912/4/13;United States
T1458;1912/6/8;JAPAN
T1459;1912/8/9;TURKEY
T1460;1912/10/31;Federated States of Micronesia
T1461;1912/12/6;Federated States of Micronesia
T1462;1913/2/22;NEW ZEALAND
T1463;1913/3/14;INDONESIA
T1464;1913/6/9;United States
T1465;1913/7/28;PERU
T1466;1913/8/6;PERU
T1467;1913/10/11;PAPUA NEW GUINEA
T1468;1913/12/11;United States
T1469;1914/1/12;JAPAN
T1470;1914/1/12;PERU
T1471;1914/1/15;ITALY
T1472;1914/2/26;PERU
T1473;1914/3/14;INDONESIA
T1474;1914/5/26;INDONESIA
T1476;1914/6/25;INDONESIA
T1477;1914/10/6;NEW ZEALAND
T1478;1914/11/27;GREECE
T1479;1914/12/3;INDONESIA
T1480;1915/1/27;GREECE
T1481;1915/2/11;United States
T1482;1915/5/23;INDONESIA
T1483;1915/8/7;GREECE
T1485;1915/9/7;GUATEMALA
T1486;1915/11/1;JAPAN
T1487;1915/11/6;INDONESIA
T1488;1915/11/18;PHILIPPINES
T1489;1916/1/1;PAPUA NEW GUINEA
T1490;1916/1/31;COSTA RICA
T1491;1916/4/26;PANAMA
T1492;1916/7/3;ITALY
T1493;1916/8/16;ITALY
T1494;1916/11/12;VENEZUELA
T1495;1917/1/9;INDONESIA
T1496;1917/1/20;INDONESIA
T1497;1917/1/25;CHINA
T1498;1917/1/30;RUSSIA
T1499;1917/1/31;PHILIPPINES
T1501;1917/3/16;INDONESIA
T1502;1917/5/1;NEW ZEALAND
T1503;1917/5/6;TAIWAN
T1504;1917/6/26;SAMOA
T1505;1917/7/29;PAPUA NEW GUINEA
T1506;1917/8/23;INDONESIA
T1507;1917/11/16;NEW ZEALAND
T1508;1917/12/6;CANADA
T1509;1918/2/13;CHINA
T1510;1918/5/20;CHILE
T1511;1918/7/18;INDONESIA
T1512;1918/8/14;CHINA
T1513;1918/8/15;PHILIPPINES
T1514;1918/9/7;RUSSIA
T1515;1918/10/11;United States
T1516;1918/10/25;United States
T1517;1918/11/8;RUSSIA
T1518;1918/12/4;CHILE
T1520;1919/1/1;PHILIPPINES
T1521;1919/1/1;TONGA
T1523;1919/2/13;INDONESIA
T1524;1919/4/3;INDONESIA
T1525;1919/4/9;United States
T1526;1919/4/29;TONGA
T1527;1919/4/30;TONGA
T1528;1919/5/6;PAPUA NEW GUINEA
T1529;1919/5/22;ITALY
T1530;1919/6/29;EL SALVADOR
T1531;1919/10/2;United States
T1532;1919/10/22;ITALY
T1533;1919/11/21;INDONESIA
T1534;1919/12/26;UKRAINE
T1535;1920/1/29;INDONESIA
T1536;1920/2/2;PAPUA NEW GUINEA
T1537;1920/8/20;CHILE
T1539;1920/9/20;VANUATU
T1540;1920/12/16;CHINA
T1541;1920/12/18;ALBANIA
T1542;1921/5/14;INDONESIA
T1543;1921/8/4;CHINA
T1544;1921/9/11;INDONESIA
T1545;1921/11/11;PHILIPPINES
T1546;1921/12/16;United States
T1547;1922/1/6;PERU
T1548;1922/1/19;PAPUA NEW GUINEA
T1549;1922/2/22;INDONESIA
T1550;1922/2/27;PHILIPPINES
T1551;1922/3/1;PHILIPPINES
T1552;1922/4/10;INDONESIA
T1553;1922/5/2;United States
T1554;1922/7/8;INDONESIA
T1555;1922/8/8;GREECE
T1556;1922/9/1;TAIWAN
T1557;1922/10/22;AUSTRALIA
T1558;1922/11/7;CHILE
T1559;1922/11/11;CHILE
T1560;1922/12/25;NEW ZEALAND
T1561;1923/1/22;United States
T1562;1923/2/3;RUSSIA
T1563;1923/2/17;CHILE
T1564;1923/3/2;PHILIPPINES
T1565;1923/3/4;CHILE
T1566;1923/4/13;RUSSIA
T1567;1923/5/4;CHILE
T1568;1923/5/7;CHILE
T1569;1923/6/1;JAPAN
T1570;1923/7/18;PHILIPPINES
T1571;1923/8/6;United States
T1572;1923/8/12;CHILE
T1574;1923/9/1;JAPAN
T1575;1923/9/2;JAPAN
T1576;1923/9/4;United States
T1577;1923/11/2;PAPUA NEW GUINEA
T1578;1923/11/4;PAPUA NEW GUINEA
T1579;1924/3/15;RUSSIA
T1580;1924/4/13;RUSSIA
T1581;1924/4/14;PHILIPPINES
T1582;1924/4/16;RUSSIA
T1583;1924/5/6;PHILIPPINES
T1584;1924/5/30;United States
T1585;1924/6/2;PHILIPPINES
T1586;1924/6/26;AUSTRALIA
T1587;1924/7/19;NEW ZEALAND
T1588;1924/8/8;United States
T1589;1924/8/28;ICELAND
T1590;1924/8/30;PHILIPPINES
T1591;1925/1/8;INDONESIA
T1592;1925/2/23;United States
T1593;1925/5/4;MEXICO
T1594;1925/5/5;PHILIPPINES
T1595;1925/5/11;ITALY
T1596;1925/5/15;CHILE
T1597;1925/5/25;PHILIPPINES
T1598;1925/10/4;United States
T1599;1925/11/13;PHILIPPINES
T1600;1925/11/16;MEXICO
T1601;1925/11/25;PHILIPPINES
T1602;1925/12/22;Federated States of Micronesia
T1603;1926/1/9;United States
T1604;1926/1/25;SOLOMON ISLANDS
T1605;1926/3/20;United States
T1606;1926/3/31;COOK ISLANDS
T1607;1926/6/28;INDONESIA
T1608;1926/7/30;United Kingdom
T1610;1926/8/17;ITALY
T1611;1926/8/22;PORTUGAL
T1612;1926/8/30;GREECE
T1613;1926/9/16;SOLOMON ISLANDS
T1614;1926/12/9;CHILE
T1615;1926/12/19;PORTUGAL
T1616;1927/1/1;United States
T1617;1927/1/24;NORWAY
T1618;1927/3/7;JAPAN
T1619;1927/6/26;UKRAINE
T1620;1927/7/11;ISRAEL
T1621;1927/8/5;JAPAN
T1622;1927/8/18;JAPAN
T1623;1927/9/6;MEXICO
T1624;1927/9/11;UKRAINE
T1625;1927/10/12;United States
T1626;1927/10/24;United States
T1627;1927/11/4;United States
T1628;1927/11/21;CHILE
T1629;1927/12/1;INDONESIA
T1630;1927/12/28;RUSSIA
T1632;1928/2/9;CANADA
T1633;1928/3/22;MEXICO
T1634;1928/3/26;INDONESIA
T1635;1928/3/31;GREECE
T1636;1928/3/31;CHILE
T1637;1928/4/9;PERU
T1638;1928/4/22;GREECE
T1639;1928/4/24;GREECE
T1640;1928/4/25;GREECE
T1641;1928/4/27;PERU
T1642;1928/4/27;GREECE
T1643;1928/5/2;GREECE
T1644;1928/5/3;TURKEY
T1645;1928/5/18;TONGA
T1646;1928/5/27;JAPAN
T1647;1928/5/30;JAPAN
T1648;1928/6/15;PHILIPPINES
T1649;1928/6/17;MEXICO
T1650;1928/7/18;PERU
T1651;1928/8/4;INDONESIA
T1652;1928/9/13;VENEZUELA
T1653;1928/11/20;CHILE
T1654;1928/12/1;CHILE
T1655;1928/12/19;PHILIPPINES
T1657;1929/1/17;VENEZUELA
T1658;1929/3/7;United States
T1659;1929/5/21;JAPAN
T1660;1929/5/26;CANADA
T1661;1929/6/13;PHILIPPINES
T1662;1929/6/16;NEW ZEALAND
T1663;1929/8/9;CHILE
T1664;1929/8/12;United States
T1665;1929/11/9;INDONESIA
T1666;1929/11/18;CANADA
T1667;1930/1/3;CHINA
T1668;1930/2/16;SPAIN
T1670;1930/3/17;INDONESIA
T1671;1930/5/2;NORWAY
T1672;1930/5/5;Burma
T1673;1930/6/19;INDONESIA
T1674;1930/7/19;INDONESIA
T1675;1930/8/31;United States
T1676;1930/9/11;ITALY
T1677;1930/9/11;INDONESIA
T1678;1930/9/30;PAPUA NEW GUINEA
T1679;1930/10/30;ITALY
T1680;1930/11/5;KENYA
T1681;1930/12/23;PAPUA NEW GUINEA
T1682;1930/12/29;CHILE
T1683;1931/2/2;NEW ZEALAND
T1684;1931/2/13;NEW ZEALAND
T1685;1931/2/19;NEW ZEALAND
T1686;1931/3/9;JAPAN
T1687;1931/3/18;CHILE
T1688;1931/6/7;United Kingdom
T1689;1931/8/7;PAPUA NEW GUINEA
T1690;1931/8/19;United States
T1691;1931/8/31;PORTUGAL
T1692;1931/9/25;INDONESIA
T1693;1931/10/3;SOLOMON ISLANDS
T1694;1931/11/2;JAPAN
T1695;1931/12/1;CUBA
T1696;1932/2/3;CUBA
T1697;1932/5/7;ITALY
T1698;1932/6/3;MEXICO
T1699;1932/6/18;MEXICO
T1700;1932/6/22;MEXICO
T1701;1932/6/29;MEXICO
T1702;1932/9/9;INDONESIA
T1703;1932/9/15;NEW ZEALAND
T1704;1932/9/26;GREECE
T1705;1932/11/4;VENEZUELA
T1706;1932/11/10;United States
T1707;1933/1/8;RUSSIA
T1708;1933/2/23;CHILE
T1709;1933/3/2;JAPAN
T1710;1933/3/11;United States
T1711;1933/4/23;GREECE
T1712;1933/5/19;TOGO
T1713;1933/6/18;JAPAN
T1714;1933/10/2;ECUADOR
T1715;1933/12/12;PAPUA NEW GUINEA
T1716;1933/12/25;PHILIPPINES
T1717;1934/1/15;NEPAL
T1718;1934/2/14;PHILIPPINES
T1719;1934/4/7;NORWAY
T1720;1934/6/3;ICELAND
T1721;1934/7/18;COSTA RICA
T1722;1934/7/18;SOLOMON ISLANDS
T1723;1934/7/21;SOLOMON ISLANDS
T1724;1934/8/21;United States
T1725;1934/11/30;MEXICO
T1726;1934/12/4;CHILE
T1727;1934/12/12;PAPUA NEW GUINEA
T1728;1935/5/30;PAKISTAN
T1729;1935/7/19;JAPAN
T1730;1935/9/20;PAPUA NEW GUINEA
T1731;1935/10/12;JAPAN
T1732;1935/10/18;JAPAN
T1733;1935/11/21;United States
T1734;1935/11/25;INDONESIA
T1735;1935/12/18;CHINA
T1736;1935/12/28;INDONESIA
T1737;1936/2/2;NEW ZEALAND
T1738;1936/2/25;NAURU
T1739;1936/4/1;INDONESIA
T1740;1936/7/13;CHILE
T1741;1936/8/23;INDONESIA
T1742;1936/9/13;NORWAY
T1743;1936/10/27;United States
T1744;1936/11/2;JAPAN
T1745;1936/11/13;RUSSIA
T1746;1937/5/29;PAPUA NEW GUINEA
T1747;1937/8/20;PHILIPPINES
T1748;1937/9/21;RUSSIA
T1749;1937/9/21;United States
T1750;1937/9/22;RUSSIA
T1751;1937/11/6;INDONESIA
T1752;1938/1/28;CONGO
T1753;1938/2/1;INDONESIA
T1754;1938/2/13;INDONESIA
T1755;1938/3/6;PAPUA NEW GUINEA
T1756;1938/3/22;CANADA
T1758;1938/5/12;PAPUA NEW GUINEA
T1759;1938/5/19;INDONESIA
T1760;1938/5/23;JAPAN
T1761;1938/5/28;JAPAN
T1762;1938/6/10;JAPAN
T1763;1938/9/21;United States
T1764;1938/11/5;JAPAN
T1765;1938/11/5;JAPAN
T1766;1938/11/6;JAPAN
T1767;1938/11/6;JAPAN
T1768;1938/11/9;JAPAN
T1769;1938/11/10;United States
T1770;1938/11/13;JAPAN
T1771;1938/11/16;JAPAN
T1772;1938/11/22;JAPAN
T1773;1938/11/30;JAPAN
T1774;1939/1/25;CHILE
T1775;1939/1/27;ITALY
T1776;1939/1/30;PAPUA NEW GUINEA
T1777;1939/3/20;JAPAN
T1778;1939/4/18;CHILE
T1779;1939/4/30;SOLOMON ISLANDS
T1780;1939/5/1;JAPAN
T1781;1939/5/6;PHILIPPINES
T1782;1939/5/8;PORTUGAL
T1783;1939/6/22;GHANA
T1784;1939/8/15;CUBA
T1785;1939/12/21;INDONESIA
T1786;1939/12/26;TURKEY
T1787;1940/1/15;ITALY
T1788;1940/5/24;PERU
T1789;1940/8/1;JAPAN
T1790;1940/8/31;NORWAY
T1791;1940/10/4;CHILE
T1792;1940/10/11;CHILE
T1793;1941/1/13;PAPUA NEW GUINEA
T1794;1941/2/9;United States
T1795;1941/3/16;ITALY
T1796;1941/6/26;INDIA
T1797;1941/11/18;JAPAN
T1798;1941/11/25;ATLANTIC OCEAN
T1799;1941/12/5;COSTA RICA
T1800;1941/12/6;COSTA RICA
T1801;1942/5/22;COLOMBIA
T1802;1942/8/24;PERU
T1803;1943/4/6;CHILE
T1804;1943/6/13;JAPAN
T1805;1944/4/9;United States
T1806;1944/8/20;ITALY
T1807;1944/9/14;United States
T1808;1944/12/7;JAPAN
T1810;1945/1/12;JAPAN
T1811;1945/2/10;JAPAN
T1812;1945/11/27;PAKISTAN
T1813;1946/4/1;United States
T1814;1946/6/23;CANADA
T1815;1946/8/2;CHILE
T1816;1946/8/4;DOMINICAN REPUBLIC
T1817;1946/8/8;DOMINICAN REPUBLIC
T1818;1946/9/30;PERU
T1819;1946/11/1;United States
T1820;1946/11/13;RUSSIA
T1821;1946/12/20;JAPAN
T1823;1947/3/25;NEW ZEALAND
T1824;1947/5/17;NEW ZEALAND
T1825;1947/10/6;GREECE
T1826;1947/11/4;JAPAN
T1827;1948/1/24;PHILIPPINES
T1828;1948/2/9;GREECE
T1829;1948/4/17;JAPAN
T1830;1948/4/22;GREECE
T1831;1948/6/1;INDONESIA
T1832;1948/9/8;TONGA
T1833;1948/12/3;MEXICO
T1834;1948/12/26;CHILE
T1835;1949/1/27;RUSSIA
T1836;1949/2/9;GREECE
T1837;1949/4/13;United States
T1838;1949/4/16;United States
T1839;1949/4/20;CHILE
T1840;1949/5/9;INDONESIA
T1841;1949/7/23;GREECE
T1842;1949/7/27;United States
T1843;1949/8/22;CANADA
T1844;1949/9/5;PHILIPPINES
T1845;1949/9/27;United States
T1846;1949/10/19;PAPUA NEW GUINEA
T1847;1949/12/17;CHILE
T1848;1949/12/17;CHILE
T1849;1949/12/29;PHILIPPINES
T1850;1950/1/30;CHILE
T1851;1950/3/14;NEW ZEALAND
T1852;1950/4/30;PANAMA
T1853;1950/8/3;VENEZUELA
T1854;1950/8/15;INDIA
T1855;1950/10/5;COSTA RICA
T1856;1950/10/8;INDONESIA
T1857;1950/10/8;NORWAY
T1858;1950/10/23;GUATEMALA
T1859;1950/11/8;SOLOMON ISLANDS
T1860;1950/12/10;PERU
T1861;1950/12/14;MEXICO
T1862;1951/2/22;PAPUA NEW GUINEA
T1863;1951/2/23;United States
T1864;1951/8/3;NICARAGUA
T1865;1951/8/21;United States
T1866;1951/10/22;TAIWAN
T1867;1951/12/21;CHINA
T1868;1951/12/22;SOLOMON ISLANDS
T1869;1952/1/9;NORWAY
T1870;1952/3/4;JAPAN
T1871;1952/3/9;JAPAN
T1872;1952/3/17;United States
T1873;1952/3/19;PHILIPPINES
T1874;1952/4/10;United States
T1875;1952/5/6;United States
T1876;1952/5/13;COSTA RICA
T1877;1952/7/13;VANUATU
T1878;1952/9/16;JAPAN
T1879;1952/9/23;JAPAN
T1880;1952/9/24;JAPAN
T1881;1952/9/26;JAPAN
T1882;1952/10/13;United States
T1883;1952/11/4;RUSSIA
T1884;1953/2/14;United States
T1885;1953/2/15;PERU
T1886;1953/2/16;United States
T1887;1953/3/11;JAPAN
T1888;1953/3/17;RUSSIA
T1889;1953/3/25;JAPAN
T1890;1953/4/23;PAPUA NEW GUINEA
T1891;1953/5/6;CHILE
T1892;1953/5/31;DOMINICAN REPUBLIC
T1893;1953/6/27;PAPUA NEW GUINEA
T1894;1953/8/12;GREECE
T1895;1953/8/19;United States
T1896;1953/9/10;CYPRUS
T1897;1953/9/14;FIJI
T1898;1953/11/25;JAPAN
T1899;1953/12/12;PERU
T1900;1954/2/11;CHINA
T1902;1954/6/26;United States
T1903;1954/9/9;ALGERIA
T1905;1954/11/18;JAPAN
T1906;1955/1/18;VENEZUELA
T1907;1955/4/19;GREECE
T1908;1955/4/19;CHILE
T1909;1955/5/17;INDIA
T1910;1955/9/8;PAPUA NEW GUINEA
T1911;1955/9/23;CHINA
T1912;1956/1/8;CHILE
T1913;1956/3/2;NEW ZEALAND
T1914;1956/3/5;JAPAN
T1915;1956/3/30;RUSSIA
T1916;1956/7/9;GREECE
T1917;1956/7/9;GREECE
T1918;1956/8/12;JAPAN
T1919;1956/11/2;GREECE
T1920;1956/12/18;CHILE
T1921;1957/3/9;United States
T1922;1957/6/22;INDONESIA
T1923;1957/7/28;MEXICO
T1924;1957/7/29;CHILE
T1925;1957/9/26;INDONESIA
T1926;1957/10/26;INDONESIA
T1927;1957/11/1;United States
T1929;1958/1/19;ECUADOR
T1930;1958/2/7;CHINA
T1931;1958/4/9;PERU
T1932;1958/4/21;INDONESIA
T1933;1958/7/10;United States
T1934;1958/9/17;RUSSIA
T1935;1958/10/7;VANUATU
T1936;1958/11/4;PACIFIC OCEAN
T1937;1958/11/6;RUSSIA
T1938;1958/11/12;RUSSIA
T1939;1959/1/22;JAPAN
T1940;1959/2/7;PERU
T1941;1959/2/23;GREECE
T1942;1959/4/9;RUSSIA
T1943;1959/5/4;RUSSIA
T1944;1959/5/7;NORWAY
T1945;1959/8/17;SOLOMON ISLANDS
T1946;1959/8/18;United States
T1947;1959/10/26;JAPAN
T1948;1960/1/13;PERU
T1949;1960/2/29;MOROCCO
T1950;1960/3/20;JAPAN
T1951;1960/3/23;JAPAN
T1952;1960/5/21;CHILE
T1953;1960/5/22;CHILE
T1954;1960/5/24;CHILE
T1955;1960/6/11;PAPUA NEW GUINEA
T1956;1960/7/29;JAPAN
T1957;1960/11/1;CHILE
T1958;1960/11/20;PERU
T1959;1961/1/16;JAPAN
T1960;1961/1/16;JAPAN
T1961;1961/1/16;JAPAN
T1962;1961/2/12;RUSSIA
T1963;1961/2/26;JAPAN
T1964;1961/3/18;SOLOMON ISLANDS
T1965;1961/5/23;TURKEY
T1966;1961/6/6;ITALY
T1967;1961/6/16;COLOMBIA
T1968;1961/7/18;JAPAN
T1969;1961/7/23;VANUATU
T1970;1961/8/1;SOLOMON ISLANDS
T1971;1961/8/11;JAPAN
T1972;1961/10/18;CHILE
T1973;1961/11/15;JAPAN
T1974;1962/3/12;COSTA RICA
T1975;1962/4/12;JAPAN
T1976;1962/4/23;JAPAN
T1977;1962/5/11;MEXICO
T1978;1962/5/19;MEXICO
T1979;1962/5/21;JAPAN
T1980;1962/5/28;GREECE
T1981;1962/12/21;United States
T1982;1963/2/7;GREECE
T1983;1963/2/13;TAIWAN
T1984;1963/3/28;CANADA
T1985;1963/3/30;INDONESIA
T1986;1963/9/18;TURKEY
T1987;1963/9/24;PERU
T1988;1963/10/9;ITALY
T1989;1963/10/12;RUSSIA
T1990;1963/10/13;RUSSIA
T1991;1963/10/20;RUSSIA
T1992;1963/12/16;INDONESIA
T1993;1963/12/18;TONGA
T1994;1964/3/20;United States
T1995;1964/3/28;United States
T1996;1964/4/2;INDONESIA
T1997;1964/5/7;JAPAN
T1998;1964/5/7;JAPAN
T1999;1964/5/19;United States
T2000;1964/6/16;JAPAN
T2001;1964/7/24;RUSSIA
T2002;1964/11/17;PAPUA NEW GUINEA
T2003;1964/12/10;JAPAN
T2004;1965/1/24;INDONESIA
T2005;1965/2/4;United States
T2006;1965/2/19;CHILE
T2007;1965/2/23;CHILE
T2008;1965/3/9;GREECE
T2009;1965/3/22;CHILE
T2010;1965/3/30;United States
T2011;1965/4/19;JAPAN
T2012;1965/6/11;RUSSIA
T2013;1965/7/2;United States
T2014;1965/7/6;GREECE
T2015;1965/8/11;VANUATU
T2016;1965/8/13;VANUATU
T2017;1965/8/23;MEXICO
T2018;1965/9/28;PHILIPPINES
T2019;1965/10/3;CHILE
T2020;1966/3/12;TAIWAN
T2021;1966/5/8;NORWAY
T2022;1966/6/15;SOLOMON ISLANDS
T2023;1966/7/12;RUSSIA
T2024;1966/10/17;PERU
T2025;1966/11/28;SOLOMON ISLANDS
T2026;1966/12/28;CHILE
T2027;1966/12/31;SOLOMON ISLANDS
T2028;1966/12/31;SOLOMON ISLANDS
T2030;1967/3/19;RUSSIA
T2031;1967/4/11;INDONESIA
T2032;1967/4/12;INDONESIA
T2033;1967/7/29;VENEZUELA
T2034;1967/8/13;PAPUA NEW GUINEA
T2035;1967/9/3;PERU
T2036;1967/11/15;CHILE
T2037;1967/12/4;ANTARCTICA
T2038;1967/12/4;United States
T2039;1967/12/21;CHILE
T2040;1968/1/29;RUSSIA
T2041;1968/2/19;GREECE
T2042;1968/4/1;JAPAN
T2043;1968/4/18;ITALY
T2044;1968/5/4;CHILE
T2045;1968/5/16;JAPAN
T2046;1968/5/16;JAPAN
T2047;1968/6/12;JAPAN
T2048;1968/7/25;NEW ZEALAND
T2049;1968/8/1;PHILIPPINES
T2050;1968/8/5;JAPAN
T2051;1968/8/10;INDONESIA
T2052;1968/8/14;INDONESIA
T2053;1968/9/3;TURKEY
T2054;1968/9/20;VENEZUELA
T2055;1968/9/25;MEXICO
T2056;1969/2/23;INDONESIA
T2057;1969/2/28;PORTUGAL
T2058;1969/3/21;PHILIPPINES
T2059;1969/3/31;EGYPT
T2060;1969/4/12;SWEDEN
T2061;1969/4/21;JAPAN
T2062;1969/8/2;PAPUA NEW GUINEA
T2063;1969/8/11;RUSSIA
T2064;1969/11/22;RUSSIA
T2065;1969/12/25;Guadeloupe
T2066;1970/1/10;PHILIPPINES
T2067;1970/3/11;United States
T2068;1970/4/7;PHILIPPINES
T2069;1970/5/14;RUSSIA
T2070;1970/5/31;PERU
T2071;1970/6/14;CHILE
T2072;1970/6/19;CHILE
T2073;1970/7/25;JAPAN
T2074;1970/9/28;NEW ZEALAND
T2075;1970/9/30;PHILIPPINES
T2076;1970/10/31;PAPUA NEW GUINEA
T2077;1970/11/28;CHILE
T2078;1970/12/4;RUSSIA
T2079;1971/3/19;PERU
T2080;1971/5/2;United States
T2081;1971/7/9;CHILE
T2082;1971/7/14;PAPUA NEW GUINEA
T2083;1971/7/26;PAPUA NEW GUINEA
T2084;1971/8/2;JAPAN
T2085;1971/9/5;RUSSIA
T2086;1971/9/6;RUSSIA
T2087;1971/9/6;SOLOMON ISLANDS
T2088;1971/9/8;RUSSIA
T2089;1971/9/8;RUSSIA
T2090;1971/9/25;PAPUA NEW GUINEA
T2091;1971/9/27;RUSSIA
T2092;1971/11/6;United States
T2093;1971/12/15;RUSSIA
T2094;1972/1/25;TAIWAN
T2095;1972/2/29;JAPAN
T2096;1972/6/8;CHILE
T2097;1972/7/30;United States
T2098;1972/8/17;PAPUA NEW GUINEA
T2099;1972/8/26;PAPUA NEW GUINEA
T2100;1972/9/6;JAPAN
T2101;1972/10/9;PAPUA NEW GUINEA
T2102;1972/12/2;PHILIPPINES
T2103;1972/12/4;JAPAN
T2104;1972/12/29;CHILE
T2105;1973/1/30;MEXICO
T2106;1973/2/28;RUSSIA
T2107;1973/3/17;PHILIPPINES
T2108;1973/6/17;JAPAN
T2109;1973/6/24;RUSSIA
T2110;1973/6/26;RUSSIA
T2111;1973/10/5;CHILE
T2112;1974/1/31;SOLOMON ISLANDS
T2113;1974/2/1;SOLOMON ISLANDS
T2114;1974/5/8;JAPAN
T2115;1974/8/18;CHILE
T2116;1974/9/27;RUSSIA
T2117;1974/10/3;PERU
T2118;1974/10/17;CANADA
T2119;1974/10/17;PAPUA NEW GUINEA
T2120;1974/12/28;PAKISTAN
T2121;1975/1/15;INDONESIA
T2122;1975/3/13;CHILE
T2123;1975/4/27;CANADA
T2124;1975/5/26;ATLANTIC OCEAN
T2125;1975/6/10;RUSSIA
T2126;1975/7/20;PAPUA NEW GUINEA
T2127;1975/10/31;PHILIPPINES
T2128;1975/11/29;United States
T2129;1975/12/26;SAMOA
T2130;1976/1/14;NEW ZEALAND
T2131;1976/1/21;RUSSIA
T2132;1976/2/4;GUATEMALA
T2133;1976/8/16;PHILIPPINES
T2134;1977/4/2;SAMOA
T2135;1977/4/20;SOLOMON ISLANDS
T2136;1977/4/20;SOLOMON ISLANDS
T2137;1977/4/21;SOLOMON ISLANDS
T2138;1977/6/22;TONGA
T2139;1977/8/19;INDONESIA
T2140;1977/8/20;PAPUA NEW GUINEA
T2141;1977/8/28;PAPUA NEW GUINEA
T2142;1977/10/10;TONGA
T2143;1978/1/14;JAPAN
T2144;1978/3/22;RUSSIA
T2145;1978/3/22;RUSSIA
T2146;1978/3/23;RUSSIA
T2147;1978/3/23;RUSSIA
T2148;1978/3/24;RUSSIA
T2149;1978/6/12;JAPAN
T2150;1978/6/12;INDIA
T2151;1978/6/14;PHILIPPINES
T2152;1978/6/20;GREECE
T2153;1978/6/21;ITALY
T2154;1978/7/23;TAIWAN
T2155;1978/8/14;SPAIN
T2156;1978/10/10;NEW ZEALAND
T2157;1978/11/29;MEXICO
T2158;1979/2/20;JAPAN
T2159;1979/2/28;United States
T2160;1979/3/14;MEXICO
T2161;1979/4/9;Montenegro
T2162;1979/4/15;Montenegro
T2163;1979/5/15;GREECE
T2164;1979/7/18;INDONESIA
T2165;1979/8/9;INDONESIA
T2166;1979/9/3;VENEZUELA
T2167;1979/9/12;INDONESIA
T2168;1979/10/6;NORWAY
T2169;1979/10/16;FRANCE
T2170;1979/11/16;FIJI
T2171;1979/12/12;COLOMBIA
T2172;1980/1/1;PORTUGAL
T2173;1980/2/23;RUSSIA
T2174;1980/5/18;United States
T2175;1980/6/29;JAPAN
T2176;1980/7/17;SOLOMON ISLANDS
T2177;1980/10/10;ALGERIA
T2178;1981/1/18;JAPAN
T2179;1981/2/24;GREECE
T2180;1981/3/4;GREECE
T2181;1981/5/11;SOUTH AFRICA
T2182;1981/5/25;NEW ZEALAND
T2183;1981/9/1;SAMOA
T2184;1981/10/25;MEXICO
T2185;1982/1/11;PHILIPPINES
T2186;1982/2/24;INDONESIA
T2187;1982/3/11;INDONESIA
T2188;1982/3/21;JAPAN
T2189;1982/7/23;JAPAN
T2190;1982/12/19;TONGA
T2191;1982/12/25;INDONESIA
T2192;1982/12/28;JAPAN
T2193;1983/1/17;GREECE
T2194;1983/3/12;INDONESIA
T2195;1983/3/18;PAPUA NEW GUINEA
T2196;1983/5/26;JAPAN
T2197;1983/6/9;JAPAN
T2198;1983/6/21;JAPAN
T2199;1983/8/6;GREECE
T2200;1983/8/17;RUSSIA
T2201;1983/8/17;PHILIPPINES
T2202;1983/8/17;INDONESIA
T2203;1983/8/18;NORWAY
T2204;1983/10/4;CHILE
T2205;1983/11/30;United Kingdom
T2206;1984/1/8;INDONESIA
T2207;1984/2/11;GREECE
T2208;1984/3/24;RUSSIA
T2209;1984/6/13;JAPAN
T2210;1984/8/6;JAPAN
T2211;1984/9/18;JAPAN
T2212;1984/12/28;RUSSIA
T2213;1985/3/3;CHILE
T2214;1985/3/16;Guadeloupe
T2215;1985/4/13;INDONESIA
T2216;1985/7/3;PAPUA NEW GUINEA
T2217;1985/9/19;MEXICO
T2218;1985/9/21;MEXICO
T2219;1986/5/7;United States
T2220;1986/5/17;United States
T2221;1986/10/20;NEW ZEALAND
T2222;1986/11/14;TAIWAN
T2223;1987/2/6;JAPAN
T2224;1987/2/8;PAPUA NEW GUINEA
T2225;1987/2/21;NORWAY
T2226;1987/3/5;CHILE
T2227;1987/3/18;JAPAN
T2228;1987/3/24;JAPAN
T2229;1987/5/20;NEW ZEALAND
T2230;1987/6/18;SOLOMON ISLANDS
T2231;1987/7/6;VANUATU
T2232;1987/10/6;TONGA
T2233;1987/10/12;PAPUA NEW GUINEA
T2234;1987/10/16;PAPUA NEW GUINEA
T2235;1987/11/17;United States
T2236;1987/11/26;INDONESIA
T2237;1987/11/30;United States
T2238;1988/2/5;CHILE
T2239;1988/3/6;United States
T2240;1988/4/20;ITALY
T2241;1988/4/30;United States
T2242;1988/6/24;PHILIPPINES
T2243;1988/7/5;PAPUA NEW GUINEA
T2244;1988/8/6;BANGLADESH
T2245;1988/8/10;SOLOMON ISLANDS
T2246;1989/5/23;AUSTRALIA
T2247;1989/6/26;United States
T2248;1989/9/4;United States
T2249;1989/10/18;United States
T2250;1989/10/29;JAPAN
T2251;1989/10/29;ALGERIA
T2252;1989/11/1;United States
T2253;1989/11/1;JAPAN
T2254;1990/2/8;PHILIPPINES
T2255;1990/2/20;JAPAN
T2256;1990/3/25;COSTA RICA
T2257;1990/4/5;United States
T2259;1990/9/23;JAPAN
T2260;1990/12/13;ITALY
T2261;1990/12/13;TAIWAN
T2262;1991/1/4;GREECE
T2263;1991/2/9;SOLOMON ISLANDS
T2264;1991/2/16;RUSSIA
T2265;1991/2/21;United States
T2266;1991/4/22;COSTA RICA
T2267;1991/5/7;GREECE
T2268;1991/10/14;SOLOMON ISLANDS
T2269;1991/12/22;RUSSIA
T2270;1992/1/5;CHINA
T2271;1992/4/25;United States
T2272;1992/5/17;PHILIPPINES
T2273;1992/5/27;SOLOMON ISLANDS
T2274;1992/7/3;United States
T2275;1992/7/18;JAPAN
T2276;1992/8/11;JAPAN
T2277;1992/9/2;NICARAGUA
T2278;1992/12/12;INDONESIA
T2279;1993/2/7;JAPAN
T2280;1993/6/8;RUSSIA
T2281;1993/6/18;NEW ZEALAND
T2282;1993/7/12;JAPAN
T2283;1993/8/7;JAPAN
T2284;1993/8/8;United States
T2285;1993/11/13;RUSSIA
T2286;1994/1/4;United States
T2287;1994/1/17;United States
T2288;1994/1/21;INDONESIA
T2289;1994/2/15;INDONESIA
T2290;1994/4/8;JAPAN
T2291;1994/4/28;NORWAY
T2292;1994/5/24;TAIWAN
T2293;1994/6/2;INDONESIA
T2294;1994/6/3;INDONESIA
T2295;1994/6/4;INDONESIA
T2296;1994/6/5;INDONESIA
T2297;1994/9/1;United States
T2298;1994/9/19;PAPUA NEW GUINEA
T2299;1994/10/4;RUSSIA
T2300;1994/10/8;INDONESIA
T2301;1994/10/9;RUSSIA
T2302;1994/11/4;United States
T2303;1994/11/14;PHILIPPINES
T2304;1994/12/28;JAPAN
T2305;1995/1/16;JAPAN
T2306;1995/4/7;SAMOA
T2307;1995/4/21;PHILIPPINES
T2308;1995/4/21;PHILIPPINES
T2309;1995/5/13;GREECE
T2310;1995/5/14;INDONESIA
T2311;1995/5/16;NEW CALEDONIA
T2312;1995/5/27;RUSSIA
T2313;1995/6/15;GREECE
T2314;1995/7/30;CHILE
T2315;1995/8/16;PAPUA NEW GUINEA
T2316;1995/9/14;MEXICO
T2317;1995/10/9;MEXICO
T2318;1995/10/18;JAPAN
T2319;1995/10/19;JAPAN
T2320;1995/11/1;CHILE
T2321;1995/11/22;EGYPT
T2322;1995/12/3;RUSSIA
T2323;1996/1/1;INDONESIA
T2324;1996/1/1;GREECE
T2325;1996/1/2;RUSSIA
T2326;1996/2/17;INDONESIA
T2327;1996/2/21;PERU
T2328;1996/2/25;MEXICO
T2329;1996/4/24;SWITZERLAND
T2330;1996/6/10;United States
T2331;1996/6/10;United States
T2332;1996/9/4;JAPAN
T2333;1996/9/5;CHILE
T2334;1996/10/18;JAPAN
T2335;1996/10/19;JAPAN
T2336;1996/11/12;PERU
T2337;1996/12/2;JAPAN
T2338;1997/4/10;HONDURAS
T2339;1997/4/18;AUSTRALIA
T2340;1997/4/21;SOLOMON ISLANDS
T2341;1997/7/9;VENEZUELA
T2342;1997/9/30;JAPAN
T2343;1997/10/14;TONGA
T2344;1997/12/5;RUSSIA
T2345;1997/12/14;RUSSIA
T2346;1997/12/26;MONTSERRAT
T2347;1998/3/19;NORWAY
T2348;1998/3/25;ANTARCTICA
T2349;1998/5/3;TAIWAN
T2350;1998/7/17;PAPUA NEW GUINEA
T2351;1998/11/29;INDONESIA
T2352;1999/1/20;MONTSERRAT
T2353;1999/8/17;TURKEY
T2354;1999/9/13;FRENCH POLYNESIA
T2355;1999/11/26;VANUATU
T2356;2000/1/26;PHILIPPINES
T2357;2000/4/5;GREECE
T2358;2000/5/4;INDONESIA
T2359;2000/6/18;AUSTRALIA
T2360;2000/7/1;JAPAN
T2361;2000/7/15;JAPAN
T2362;2000/7/30;JAPAN
T2363;2000/11/4;United States
T2364;2000/11/16;PAPUA NEW GUINEA
T2365;2000/11/21;GREENLAND
T2366;2001/1/13;EL SALVADOR
T2367;2001/6/23;PERU
T2368;2001/12/18;TAIWAN
T2369;2002/1/2;VANUATU
T2370;2002/3/5;PHILIPPINES
T2371;2002/3/26;JAPAN
T2372;2002/3/31;TAIWAN
T2373;2002/9/8;PAPUA NEW GUINEA
T2374;2002/9/13;INDIA
T2375;2002/10/10;INDONESIA
T2376;2002/11/4;NEW ZEALAND
T2377;2002/12/30;ITALY
T2378;2003/1/20;SOLOMON ISLANDS
T2379;2003/1/22;MEXICO
T2380;2003/5/21;ALGERIA
T2381;2003/5/27;ALGERIA
T2382;2003/7/12;MONTSERRAT
T2383;2003/8/21;NEW ZEALAND
T2384;2003/9/25;JAPAN
T2385;2003/10/31;JAPAN
T2386;2003/11/17;United States
T2387;2003/12/27;NEW CALEDONIA
T2388;2004/1/28;INDONESIA
T2389;2004/2/11;JORDAN
T2390;2004/9/5;JAPAN
T2391;2004/9/5;JAPAN
T2392;2004/11/2;CANADA
T2393;2004/11/11;INDONESIA
T2394;2004/11/21;Guadeloupe
T2395;2004/11/22;NEW ZEALAND
T2396;2004/11/28;JAPAN
T2397;2004/12/23;AUSTRALIA
T2398;2004/12/26;INDONESIA
T2399;2005/1/19;JAPAN
T2400;2005/2/14;Guadeloupe
T2401;2005/3/28;INDONESIA
T2402;2005/4/10;INDONESIA
T2403;2005/6/15;United States
T2404;2005/8/16;JAPAN
T2405;2005/11/14;JAPAN
T2406;2006/1/16;United States
T2407;2006/3/14;INDONESIA
T2408;2006/5/3;TONGA
T2409;2006/5/20;MONTSERRAT
T2410;2006/7/17;INDONESIA
T2411;2006/9/28;SAMOA
T2412;2006/10/15;United States
T2413;2006/11/15;RUSSIA
T2414;2006/12/26;CHINA
T2415;2007/1/13;RUSSIA
T2416;2007/3/25;VANUATU
T2417;2007/3/25;JAPAN
T2418;2007/4/1;SOLOMON ISLANDS
T2419;2007/4/21;CHILE
T2420;2007/5/7;BULGARIA
T2421;2007/7/16;JAPAN
T2422;2007/8/2;RUSSIA
T2423;2007/8/2;United States
T2424;2007/8/15;PERU
T2425;2007/9/2;SOLOMON ISLANDS
T2426;2007/9/12;INDONESIA
T2427;2007/9/30;NEW ZEALAND
T2428;2007/11/14;CHILE
T2429;2007/11/29;Martinique
T2430;2007/12/3;CANADA
T2431;2007/12/9;Kerguelen Islands
T2432;2008/2/25;INDONESIA
T2433;2008/4/9;NEW CALEDONIA
T2434;2008/4/28;VANUATU
T2435;2008/5/12;CHINA
T2436;2008/7/19;JAPAN
T2437;2008/8/8;United States
T2438;2008/8/26;ATLANTIC OCEAN
T2439;2008/9/11;JAPAN
T2440;2008/10/28;United States
T2441;2008/11/16;INDONESIA
T2442;2009/1/3;INDONESIA
T2443;2009/1/3;INDONESIA
T2444;2009/1/15;RUSSIA
T2445;2009/2/11;INDONESIA
T2446;2009/3/19;TONGA
T2447;2009/5/28;HONDURAS
T2448;2009/7/15;NEW ZEALAND
T2449;2009/8/10;INDIA
T2450;2009/8/10;JAPAN
T2451;2009/8/16;INDONESIA
T2452;2009/8/25;United States
T2453;2009/9/29;SAMOA
T2454;2009/9/30;INDONESIA
T2455;2009/10/7;VANUATU
T2456;2010/1/3;SOLOMON ISLANDS
T2457;2010/1/3;SOLOMON ISLANDS
T2458;2010/1/5;SOLOMON ISLANDS
T2459;2010/1/12;HAITI
T2460;2010/2/26;JAPAN
T2461;2010/2/27;CHILE
T2462;2010/3/11;CHILE
T2463;2010/4/6;INDONESIA
T2464;2010/4/13;PERU
T2465;2010/4/13;COOK ISLANDS
T2466;2010/5/29;United States
T2467;2010/6/12;INDIA
T2468;2010/8/10;VANUATU
T2469;2010/8/13;United States
T2470;2010/10/25;INDONESIA
T2471;2010/12/21;JAPAN
T2472;2010/12/25;VANUATU
T2473;2011/1/9;VANUATU
T2474;2011/2/11;CHILE
T2475;2011/2/21;NEW ZEALAND
T2476;2011/3/9;JAPAN
T2477;2011/3/11;JAPAN
T2478;2011/4/7;JAPAN
T2479;2011/6/24;United States
T2480;2011/6/27;United Kingdom
T2481;2011/7/6;NEW ZEALAND
T2482;2011/7/10;JAPAN
T2483;2011/7/30;NORWAY
T2484;2011/8/6;NORWAY
T2485;2011/8/20;VANUATU
T2486;2011/8/20;VANUATU
T2487;2011/9/2;United States
T2488;2011/10/21;NEW ZEALAND
T2489;2012/2/2;VANUATU
T2490;2012/3/14;JAPAN
T2491;2012/3/20;MEXICO
T2492;2012/4/11;INDONESIA
T2493;2012/4/11;INDONESIA
T2494;2012/4/14;VANUATU
T2495;2012/7/15;GREENLAND
T2496;2012/8/27;EL SALVADOR
T2497;2012/8/31;PHILIPPINES
T2498;2012/9/5;COSTA RICA
T2499;2012/10/28;CANADA
T2500;2012/11/7;GUATEMALA
T2501;2012/12/7;JAPAN
T2502;2012/12/28;CHINA
T2503;2013/1/5;United States
T2504;2013/2/6;SOLOMON ISLANDS
T2505;2013/2/8;SOLOMON ISLANDS
T2506;2013/4/19;RUSSIA
T2507;2013/6/13;United States
T2508;2013/7/21;NEW ZEALAND
T2509;2013/8/16;NEW ZEALAND
T2510;2013/9/24;PAKISTAN
T2511;2013/10/25;JAPAN
T2512;2013/11/17;ANTARCTICA
T2513;2014/3/16;CHILE
T2514;2014/4/1;CHILE
T2515;2014/4/3;CHILE
T2516;2014/4/12;SOLOMON ISLANDS
T2517;2014/4/13;SOLOMON ISLANDS
T2518;2014/4/18;MEXICO
T2519;2014/4/19;PAPUA NEW GUINEA
T2520;2014/6/23;NEW ZEALAND
T2521;2014/6/23;United States
T2522;2014/7/11;JAPAN
T2523;2014/7/25;United States
T2524;2014/10/9;CHILE
T2525;2014/11/15;INDONESIA
T2526;2015/2/16;JAPAN
T2527;2015/2/19;VANUATU
T2528;2015/3/29;PAPUA NEW GUINEA
T2529;2015/5/2;JAPAN
T2530;2015/5/5;PAPUA NEW GUINEA
T2531;2015/7/10;SOLOMON ISLANDS
T2532;2015/7/18;SOLOMON ISLANDS
T2533;2015/7/27;United States
T2534;2015/9/16;CHILE
T2535;2015/10/18;United States
T2536;2015/11/11;CHILE
T2537;2015/11/13;JAPAN
T2538;2015/11/17;GREECE
T2539;2016/3/2;INDONESIA
